my_image,matched_original_path
2666.jpg,jhu_crowd_v2.0/test/images/2666.jpg
2289.jpg,jhu_crowd_v2.0/test/images/2289.jpg
0878.jpg,jhu_crowd_v2.0/test/images/0878.jpg
0688.jpg,jhu_crowd_v2.0/train/images/0688.jpg
1146.jpg,jhu_crowd_v2.0/val/images/1146.jpg
2710.jpg,jhu_crowd_v2.0/test/images/2710.jpg
2466.jpg,jhu_crowd_v2.0/train/images/2466.jpg
2894.jpg,jhu_crowd_v2.0/val/images/2894.jpg
1802.jpg,jhu_crowd_v2.0/test/images/1802.jpg
2098.jpg,jhu_crowd_v2.0/train/images/2098.jpg
4364.jpg,jhu_crowd_v2.0/train/images/4364.jpg
3741.jpg,jhu_crowd_v2.0/train/images/3741.jpg
2663.jpg,jhu_crowd_v2.0/train/images/2663.jpg
0539.jpg,jhu_crowd_v2.0/train/images/0539.jpg
0713.jpg,jhu_crowd_v2.0/test/images/0713.jpg
0833.jpg,jhu_crowd_v2.0/test/images/0833.jpg
3446.jpg,jhu_crowd_v2.0/train/images/3446.jpg
3081.jpg,jhu_crowd_v2.0/train/images/3081.jpg
3295.jpg,jhu_crowd_v2.0/val/images/3295.jpg
1247.jpg,jhu_crowd_v2.0/train/images/1247.jpg
0789.jpg,jhu_crowd_v2.0/train/images/0789.jpg
0202.jpg,jhu_crowd_v2.0/test/images/0202.jpg
1733.jpg,jhu_crowd_v2.0/test/images/1733.jpg
1484.jpg,jhu_crowd_v2.0/test/images/1484.jpg
3495.jpg,jhu_crowd_v2.0/train/images/3495.jpg
3089.jpg,jhu_crowd_v2.0/train/images/3089.jpg
2793.jpg,jhu_crowd_v2.0/test/images/2793.jpg
0634.jpg,jhu_crowd_v2.0/val/images/0634.jpg
3842.jpg,jhu_crowd_v2.0/test/images/3842.jpg
4136.jpg,jhu_crowd_v2.0/test/images/4136.jpg
1266.jpg,jhu_crowd_v2.0/test/images/1266.jpg
1844.jpg,jhu_crowd_v2.0/train/images/1844.jpg
0582.jpg,jhu_crowd_v2.0/test/images/0582.jpg
2346.jpg,jhu_crowd_v2.0/train/images/2346.jpg
1505.jpg,jhu_crowd_v2.0/train/images/1505.jpg
2190.jpg,jhu_crowd_v2.0/train/images/2190.jpg
2813.jpg,jhu_crowd_v2.0/train/images/2813.jpg
4183.jpg,jhu_crowd_v2.0/train/images/4183.jpg
2041.jpg,jhu_crowd_v2.0/train/images/2041.jpg
3389.jpg,jhu_crowd_v2.0/test/images/3389.jpg
1575.jpg,jhu_crowd_v2.0/test/images/1575.jpg
2849.jpg,jhu_crowd_v2.0/val/images/2849.jpg
2730.jpg,jhu_crowd_v2.0/train/images/2730.jpg
1172.jpg,jhu_crowd_v2.0/test/images/1172.jpg
0708.jpg,jhu_crowd_v2.0/train/images/0708.jpg
4220.jpg,jhu_crowd_v2.0/test/images/4220.jpg
3173.jpg,jhu_crowd_v2.0/test/images/3173.jpg
1599.jpg,jhu_crowd_v2.0/train/images/1599.jpg
2907.jpg,jhu_crowd_v2.0/train/images/2907.jpg
1821.jpg,jhu_crowd_v2.0/train/images/1821.jpg
0518.jpg,jhu_crowd_v2.0/train/images/0518.jpg
0040.jpg,jhu_crowd_v2.0/train/images/0040.jpg
IMG_1.jpg,ShanghaiTech_Crowd_Counting_Dataset/part_B_final/test_data/images/IMG_1.jpg
IMG_101.jpg,ShanghaiTech_Crowd_Counting_Dataset/part_B_final/test_data/images/IMG_101.jpg
IMG_104.jpg,ShanghaiTech_Crowd_Counting_Dataset/part_B_final/test_data/images/IMG_104.jpg
IMG_111.jpg,ShanghaiTech_Crowd_Counting_Dataset/part_B_final/test_data/images/IMG_111.jpg
IMG_113.jpg,ShanghaiTech_Crowd_Counting_Dataset/part_B_final/test_data/images/IMG_113.jpg
IMG_117.jpg,ShanghaiTech_Crowd_Counting_Dataset/part_B_final/test_data/images/IMG_117.jpg
IMG_128.jpg,ShanghaiTech_Crowd_Counting_Dataset/part_B_final/test_data/images/IMG_128.jpg
IMG_13.jpg,ShanghaiTech_Crowd_Counting_Dataset/part_B_final/test_data/images/IMG_13.jpg
IMG_14.jpg,ShanghaiTech_Crowd_Counting_Dataset/part_B_final/test_data/images/IMG_14.jpg
IMG_141.jpg,ShanghaiTech_Crowd_Counting_Dataset/part_B_final/test_data/images/IMG_141.jpg
IMG_142.jpg,ShanghaiTech_Crowd_Counting_Dataset/part_B_final/test_data/images/IMG_142.jpg
IMG_151.jpg,ShanghaiTech_Crowd_Counting_Dataset/part_B_final/test_data/images/IMG_151.jpg
IMG_156.jpg,ShanghaiTech_Crowd_Counting_Dataset/part_B_final/test_data/images/IMG_156.jpg
IMG_157.jpg,ShanghaiTech_Crowd_Counting_Dataset/part_B_final/test_data/images/IMG_157.jpg
IMG_161.jpg,ShanghaiTech_Crowd_Counting_Dataset/part_B_final/test_data/images/IMG_161.jpg
IMG_171.jpg,ShanghaiTech_Crowd_Counting_Dataset/part_B_final/test_data/images/IMG_171.jpg
IMG_172.jpg,ShanghaiTech_Crowd_Counting_Dataset/part_B_final/test_data/images/IMG_172.jpg
IMG_175.jpg,ShanghaiTech_Crowd_Counting_Dataset/part_B_final/test_data/images/IMG_175.jpg
IMG_177.jpg,ShanghaiTech_Crowd_Counting_Dataset/part_B_final/test_data/images/IMG_177.jpg
IMG_178.jpg,ShanghaiTech_Crowd_Counting_Dataset/part_B_final/test_data/images/IMG_178.jpg
IMG_189.jpg,ShanghaiTech_Crowd_Counting_Dataset/part_B_final/test_data/images/IMG_189.jpg
IMG_198.jpg,ShanghaiTech_Crowd_Counting_Dataset/part_B_final/test_data/images/IMG_198.jpg
IMG_20.jpg,ShanghaiTech_Crowd_Counting_Dataset/part_B_final/test_data/images/IMG_20.jpg
IMG_200.jpg,ShanghaiTech_Crowd_Counting_Dataset/part_B_final/test_data/images/IMG_200.jpg
IMG_210.jpg,ShanghaiTech_Crowd_Counting_Dataset/part_B_final/test_data/images/IMG_210.jpg
IMG_233.jpg,ShanghaiTech_Crowd_Counting_Dataset/part_B_final/test_data/images/IMG_233.jpg
IMG_250.jpg,ShanghaiTech_Crowd_Counting_Dataset/part_B_final/test_data/images/IMG_250.jpg
IMG_252.jpg,ShanghaiTech_Crowd_Counting_Dataset/part_B_final/test_data/images/IMG_252.jpg
IMG_255.jpg,ShanghaiTech_Crowd_Counting_Dataset/part_B_final/test_data/images/IMG_255.jpg
IMG_26.jpg,ShanghaiTech_Crowd_Counting_Dataset/part_B_final/test_data/images/IMG_26.jpg
IMG_264.jpg,ShanghaiTech_Crowd_Counting_Dataset/part_B_final/test_data/images/IMG_264.jpg
IMG_265.jpg,ShanghaiTech_Crowd_Counting_Dataset/part_B_final/test_data/images/IMG_265.jpg
IMG_276.jpg,ShanghaiTech_Crowd_Counting_Dataset/part_B_final/test_data/images/IMG_276.jpg
IMG_282.jpg,ShanghaiTech_Crowd_Counting_Dataset/part_B_final/test_data/images/IMG_282.jpg
IMG_284.jpg,ShanghaiTech_Crowd_Counting_Dataset/part_B_final/test_data/images/IMG_284.jpg
IMG_288.jpg,ShanghaiTech_Crowd_Counting_Dataset/part_B_final/test_data/images/IMG_288.jpg
IMG_289.jpg,ShanghaiTech_Crowd_Counting_Dataset/part_B_final/test_data/images/IMG_289.jpg
IMG_294.jpg,ShanghaiTech_Crowd_Counting_Dataset/part_B_final/test_data/images/IMG_294.jpg
IMG_296.jpg,ShanghaiTech_Crowd_Counting_Dataset/part_B_final/test_data/images/IMG_296.jpg
IMG_301.jpg,ShanghaiTech_Crowd_Counting_Dataset/part_B_final/test_data/images/IMG_301.jpg
IMG_308.jpg,ShanghaiTech_Crowd_Counting_Dataset/part_B_final/test_data/images/IMG_308.jpg
IMG_313.jpg,ShanghaiTech_Crowd_Counting_Dataset/part_B_final/test_data/images/IMG_313.jpg
IMG_319.jpg,ShanghaiTech_Crowd_Counting_Dataset/part_B_final/train_data/images/IMG_3.jpg
IMG_32.jpg,ShanghaiTech_Crowd_Counting_Dataset/part_B_final/test_data/images/IMG_32.jpg
IMG_322.jpg,ShanghaiTech_Crowd_Counting_Dataset/part_B_final/train_data/images/IMG_6.jpg
IMG_330.jpg,ShanghaiTech_Crowd_Counting_Dataset/part_B_final/train_data/images/IMG_14.jpg
IMG_332.jpg,ShanghaiTech_Crowd_Counting_Dataset/part_B_final/train_data/images/IMG_16.jpg
IMG_333.jpg,ShanghaiTech_Crowd_Counting_Dataset/part_B_final/train_data/images/IMG_17.jpg
IMG_335.jpg,ShanghaiTech_Crowd_Counting_Dataset/part_B_final/train_data/images/IMG_19.jpg
IMG_338.jpg,ShanghaiTech_Crowd_Counting_Dataset/part_B_final/train_data/images/IMG_22.jpg
IMG_34.jpg,ShanghaiTech_Crowd_Counting_Dataset/part_B_final/test_data/images/IMG_34.jpg
IMG_351.jpg,ShanghaiTech_Crowd_Counting_Dataset/part_B_final/train_data/images/IMG_35.jpg
IMG_352.jpg,ShanghaiTech_Crowd_Counting_Dataset/part_B_final/train_data/images/IMG_36.jpg
IMG_358.jpg,ShanghaiTech_Crowd_Counting_Dataset/part_B_final/train_data/images/IMG_42.jpg
IMG_361.jpg,ShanghaiTech_Crowd_Counting_Dataset/part_B_final/train_data/images/IMG_45.jpg
IMG_368.jpg,ShanghaiTech_Crowd_Counting_Dataset/part_B_final/train_data/images/IMG_52.jpg
IMG_37.jpg,ShanghaiTech_Crowd_Counting_Dataset/part_B_final/test_data/images/IMG_37.jpg
IMG_373.jpg,ShanghaiTech_Crowd_Counting_Dataset/part_B_final/train_data/images/IMG_57.jpg
IMG_375.jpg,ShanghaiTech_Crowd_Counting_Dataset/part_B_final/train_data/images/IMG_59.jpg
IMG_376.jpg,ShanghaiTech_Crowd_Counting_Dataset/part_B_final/train_data/images/IMG_60.jpg
IMG_377.jpg,ShanghaiTech_Crowd_Counting_Dataset/part_B_final/train_data/images/IMG_61.jpg
IMG_387.jpg,ShanghaiTech_Crowd_Counting_Dataset/part_B_final/train_data/images/IMG_71.jpg
IMG_389.jpg,ShanghaiTech_Crowd_Counting_Dataset/part_B_final/train_data/images/IMG_73.jpg
IMG_39.jpg,ShanghaiTech_Crowd_Counting_Dataset/part_B_final/test_data/images/IMG_39.jpg
IMG_390.jpg,ShanghaiTech_Crowd_Counting_Dataset/part_B_final/train_data/images/IMG_74.jpg
IMG_392.jpg,ShanghaiTech_Crowd_Counting_Dataset/part_B_final/train_data/images/IMG_76.jpg
IMG_394.jpg,ShanghaiTech_Crowd_Counting_Dataset/part_B_final/train_data/images/IMG_78.jpg
IMG_398.jpg,ShanghaiTech_Crowd_Counting_Dataset/part_B_final/train_data/images/IMG_82.jpg
IMG_400.jpg,ShanghaiTech_Crowd_Counting_Dataset/part_B_final/train_data/images/IMG_84.jpg
IMG_401.jpg,ShanghaiTech_Crowd_Counting_Dataset/part_B_final/train_data/images/IMG_85.jpg
IMG_402.jpg,ShanghaiTech_Crowd_Counting_Dataset/part_B_final/train_data/images/IMG_86.jpg
IMG_403.jpg,ShanghaiTech_Crowd_Counting_Dataset/part_B_final/train_data/images/IMG_87.jpg
IMG_404.jpg,ShanghaiTech_Crowd_Counting_Dataset/part_B_final/train_data/images/IMG_88.jpg
IMG_407.jpg,ShanghaiTech_Crowd_Counting_Dataset/part_B_final/train_data/images/IMG_91.jpg
IMG_408.jpg,ShanghaiTech_Crowd_Counting_Dataset/part_B_final/train_data/images/IMG_92.jpg
IMG_409.jpg,ShanghaiTech_Crowd_Counting_Dataset/part_B_final/train_data/images/IMG_93.jpg
IMG_41.jpg,ShanghaiTech_Crowd_Counting_Dataset/part_B_final/test_data/images/IMG_41.jpg
IMG_410.jpg,ShanghaiTech_Crowd_Counting_Dataset/part_B_final/train_data/images/IMG_94.jpg
IMG_418.jpg,ShanghaiTech_Crowd_Counting_Dataset/part_B_final/train_data/images/IMG_102.jpg
IMG_42.jpg,ShanghaiTech_Crowd_Counting_Dataset/part_B_final/test_data/images/IMG_42.jpg
IMG_420.jpg,ShanghaiTech_Crowd_Counting_Dataset/part_B_final/train_data/images/IMG_104.jpg
IMG_426.jpg,ShanghaiTech_Crowd_Counting_Dataset/part_B_final/train_data/images/IMG_110.jpg
IMG_436.jpg,ShanghaiTech_Crowd_Counting_Dataset/part_B_final/train_data/images/IMG_120.jpg
IMG_437.jpg,ShanghaiTech_Crowd_Counting_Dataset/part_B_final/train_data/images/IMG_121.jpg
IMG_438.jpg,ShanghaiTech_Crowd_Counting_Dataset/part_B_final/train_data/images/IMG_122.jpg
IMG_44.jpg,ShanghaiTech_Crowd_Counting_Dataset/part_B_final/test_data/images/IMG_44.jpg
IMG_441.jpg,ShanghaiTech_Crowd_Counting_Dataset/part_B_final/train_data/images/IMG_125.jpg
IMG_444.jpg,ShanghaiTech_Crowd_Counting_Dataset/part_B_final/train_data/images/IMG_128.jpg
IMG_446.jpg,ShanghaiTech_Crowd_Counting_Dataset/part_B_final/train_data/images/IMG_130.jpg
IMG_451.jpg,ShanghaiTech_Crowd_Counting_Dataset/part_B_final/train_data/images/IMG_135.jpg
IMG_459.jpg,ShanghaiTech_Crowd_Counting_Dataset/part_B_final/train_data/images/IMG_143.jpg
IMG_460.jpg,ShanghaiTech_Crowd_Counting_Dataset/part_B_final/train_data/images/IMG_144.jpg
IMG_468.jpg,ShanghaiTech_Crowd_Counting_Dataset/part_B_final/train_data/images/IMG_152.jpg
IMG_469.jpg,ShanghaiTech_Crowd_Counting_Dataset/part_B_final/train_data/images/IMG_153.jpg
IMG_474.jpg,ShanghaiTech_Crowd_Counting_Dataset/part_B_final/train_data/images/IMG_158.jpg
IMG_477.jpg,ShanghaiTech_Crowd_Counting_Dataset/part_B_final/train_data/images/IMG_161.jpg
IMG_481.jpg,ShanghaiTech_Crowd_Counting_Dataset/part_B_final/train_data/images/IMG_165.jpg
IMG_487.jpg,ShanghaiTech_Crowd_Counting_Dataset/part_B_final/train_data/images/IMG_171.jpg
IMG_489.jpg,ShanghaiTech_Crowd_Counting_Dataset/part_B_final/train_data/images/IMG_173.jpg
IMG_49.jpg,ShanghaiTech_Crowd_Counting_Dataset/part_B_final/test_data/images/IMG_49.jpg
IMG_495.jpg,ShanghaiTech_Crowd_Counting_Dataset/part_B_final/train_data/images/IMG_179.jpg
IMG_511.jpg,ShanghaiTech_Crowd_Counting_Dataset/part_B_final/train_data/images/IMG_195.jpg
IMG_512.jpg,ShanghaiTech_Crowd_Counting_Dataset/part_B_final/train_data/images/IMG_196.jpg
IMG_517.jpg,ShanghaiTech_Crowd_Counting_Dataset/part_B_final/train_data/images/IMG_201.jpg
IMG_52.jpg,ShanghaiTech_Crowd_Counting_Dataset/part_B_final/test_data/images/IMG_52.jpg
IMG_522.jpg,ShanghaiTech_Crowd_Counting_Dataset/part_B_final/train_data/images/IMG_206.jpg
IMG_527.jpg,ShanghaiTech_Crowd_Counting_Dataset/part_B_final/train_data/images/IMG_211.jpg
IMG_529.jpg,ShanghaiTech_Crowd_Counting_Dataset/part_B_final/train_data/images/IMG_213.jpg
IMG_53.jpg,ShanghaiTech_Crowd_Counting_Dataset/part_B_final/test_data/images/IMG_53.jpg
IMG_535.jpg,ShanghaiTech_Crowd_Counting_Dataset/part_B_final/train_data/images/IMG_219.jpg
IMG_536.jpg,ShanghaiTech_Crowd_Counting_Dataset/part_B_final/train_data/images/IMG_220.jpg
IMG_548.jpg,ShanghaiTech_Crowd_Counting_Dataset/part_B_final/train_data/images/IMG_232.jpg
IMG_549.jpg,ShanghaiTech_Crowd_Counting_Dataset/part_B_final/train_data/images/IMG_233.jpg
IMG_551.jpg,ShanghaiTech_Crowd_Counting_Dataset/part_B_final/train_data/images/IMG_235.jpg
IMG_552.jpg,ShanghaiTech_Crowd_Counting_Dataset/part_B_final/train_data/images/IMG_236.jpg
IMG_554.jpg,ShanghaiTech_Crowd_Counting_Dataset/part_B_final/train_data/images/IMG_238.jpg
IMG_558.jpg,ShanghaiTech_Crowd_Counting_Dataset/part_B_final/train_data/images/IMG_242.jpg
IMG_560.jpg,ShanghaiTech_Crowd_Counting_Dataset/part_B_final/train_data/images/IMG_244.jpg
IMG_569.jpg,ShanghaiTech_Crowd_Counting_Dataset/part_B_final/train_data/images/IMG_253.jpg
IMG_571.jpg,ShanghaiTech_Crowd_Counting_Dataset/part_B_final/train_data/images/IMG_255.jpg
IMG_577.jpg,ShanghaiTech_Crowd_Counting_Dataset/part_B_final/train_data/images/IMG_261.jpg
IMG_578.jpg,ShanghaiTech_Crowd_Counting_Dataset/part_B_final/train_data/images/IMG_262.jpg
IMG_580.jpg,ShanghaiTech_Crowd_Counting_Dataset/part_B_final/train_data/images/IMG_264.jpg
IMG_581.jpg,ShanghaiTech_Crowd_Counting_Dataset/part_B_final/train_data/images/IMG_265.jpg
IMG_584.jpg,ShanghaiTech_Crowd_Counting_Dataset/part_B_final/train_data/images/IMG_268.jpg
IMG_59.jpg,ShanghaiTech_Crowd_Counting_Dataset/part_B_final/test_data/images/IMG_59.jpg
IMG_592.jpg,ShanghaiTech_Crowd_Counting_Dataset/part_B_final/train_data/images/IMG_276.jpg
IMG_593.jpg,ShanghaiTech_Crowd_Counting_Dataset/part_B_final/train_data/images/IMG_277.jpg
IMG_594.jpg,ShanghaiTech_Crowd_Counting_Dataset/part_B_final/train_data/images/IMG_278.jpg
IMG_60.jpg,ShanghaiTech_Crowd_Counting_Dataset/part_B_final/test_data/images/IMG_60.jpg
IMG_601.jpg,ShanghaiTech_Crowd_Counting_Dataset/part_B_final/train_data/images/IMG_285.jpg
IMG_604.jpg,ShanghaiTech_Crowd_Counting_Dataset/part_B_final/train_data/images/IMG_288.jpg
IMG_608.jpg,ShanghaiTech_Crowd_Counting_Dataset/part_B_final/train_data/images/IMG_292.jpg
IMG_609.jpg,ShanghaiTech_Crowd_Counting_Dataset/part_B_final/train_data/images/IMG_293.jpg
IMG_610.jpg,ShanghaiTech_Crowd_Counting_Dataset/part_B_final/train_data/images/IMG_294.jpg
IMG_614.jpg,ShanghaiTech_Crowd_Counting_Dataset/part_B_final/train_data/images/IMG_298.jpg
IMG_629.jpg,ShanghaiTech_Crowd_Counting_Dataset/part_B_final/train_data/images/IMG_313.jpg
IMG_630.jpg,ShanghaiTech_Crowd_Counting_Dataset/part_B_final/train_data/images/IMG_314.jpg
IMG_632.jpg,ShanghaiTech_Crowd_Counting_Dataset/part_B_final/train_data/images/IMG_316.jpg
IMG_642.jpg,ShanghaiTech_Crowd_Counting_Dataset/part_B_final/train_data/images/IMG_326.jpg
IMG_644.jpg,ShanghaiTech_Crowd_Counting_Dataset/part_B_final/train_data/images/IMG_328.jpg
IMG_648.jpg,ShanghaiTech_Crowd_Counting_Dataset/part_B_final/train_data/images/IMG_332.jpg
IMG_649.jpg,ShanghaiTech_Crowd_Counting_Dataset/part_B_final/train_data/images/IMG_333.jpg
IMG_651.jpg,ShanghaiTech_Crowd_Counting_Dataset/part_B_final/train_data/images/IMG_335.jpg
IMG_655.jpg,ShanghaiTech_Crowd_Counting_Dataset/part_B_final/train_data/images/IMG_339.jpg
IMG_663.jpg,ShanghaiTech_Crowd_Counting_Dataset/part_B_final/train_data/images/IMG_347.jpg
IMG_666.jpg,ShanghaiTech_Crowd_Counting_Dataset/part_B_final/train_data/images/IMG_350.jpg
IMG_671.jpg,ShanghaiTech_Crowd_Counting_Dataset/part_B_final/train_data/images/IMG_355.jpg
IMG_675.jpg,ShanghaiTech_Crowd_Counting_Dataset/part_B_final/train_data/images/IMG_359.jpg
IMG_682.jpg,ShanghaiTech_Crowd_Counting_Dataset/part_B_final/train_data/images/IMG_366.jpg
IMG_689.jpg,ShanghaiTech_Crowd_Counting_Dataset/part_B_final/train_data/images/IMG_373.jpg
IMG_692.jpg,ShanghaiTech_Crowd_Counting_Dataset/part_B_final/train_data/images/IMG_376.jpg
IMG_7.jpg,ShanghaiTech_Crowd_Counting_Dataset/part_B_final/test_data/images/IMG_7.jpg
IMG_70.jpg,ShanghaiTech_Crowd_Counting_Dataset/part_B_final/test_data/images/IMG_70.jpg
IMG_706.jpg,ShanghaiTech_Crowd_Counting_Dataset/part_B_final/train_data/images/IMG_390.jpg
IMG_712.jpg,ShanghaiTech_Crowd_Counting_Dataset/part_B_final/train_data/images/IMG_396.jpg
IMG_82.jpg,ShanghaiTech_Crowd_Counting_Dataset/part_B_final/test_data/images/IMG_82.jpg
IMG_89.jpg,ShanghaiTech_Crowd_Counting_Dataset/part_B_final/test_data/images/IMG_89.jpg
IMG_9.jpg,ShanghaiTech_Crowd_Counting_Dataset/part_B_final/test_data/images/IMG_9.jpg
IMG_95.jpg,ShanghaiTech_Crowd_Counting_Dataset/part_B_final/test_data/images/IMG_95.jpg